#;P0;
;(s);
1;0.115364;
2;0.693748;
3;0.315873;
4;2.552870;
5;3.025301;
6;1.240699;
7;2.314131;
8;0.003050;
9;0.005757;
10;0.005358;
11;0.003536;
12;0.002624;
13;0.004040;
14;0.003210;
15;0.003485;
16;0.002101;
17;0.004346;
18;0.003677;
19;0.003054;
20;0.002643;
21;0.003643;
22;0.004033;
23;0.003480;
24;0.002830;
25;0.007588;
26;0.004343;
27;0.004810;
28;0.002352;
29;0.004772;
30;0.002197;
31;0.004554;
32;0.001840;
33;0.003705;
34;0.002740;
35;0.003740;
36;0.318358;
37;1.306150;
38;0.004865;
39;0.036804;
40;0.315000;
41;0.912000;
42;0.001877;
43;0.942951;
44;0.900009;
45;0.256926;
46;0.536687;
47;1.118225;
48;0.398657;
49;0.145218;
50;0.059889;
51;0.937434;
52;0.396913;
53;0.632336;
54;0.926276;
55;1.217094;
56;0.079314;
57;1.366560;
58;0.354732;
59;0.191447;
60;1.390218;
61;1.390217;
62;*;
63;0.832911;
64;0.290945;
65;2.115171;
66;0.472037;
67;0.738062;
68;0.996023;
69;0.637000;
70;0.021766;
71;1.145910;
72;1.493601;
73;8.020392;
74;0.002573;
75;0.002964;
76;1.679164;
77;0.354299;
78;0.868930;
79;1.386000;
80;0.306737;
81;0.083157;
82;1.197383;
83;1.283660;
84;1.071118;
85;0.807565;
86;0.432700;
87;1.262000;
88;1.261960;
89;4.301872;
90;0.688542;
91;0.325883;
92;0.521455;
93;0.101439;
94;1.313385;
95;2.724785;
96;1.388994;
97;1.708230;
98;0.003675;
99;1.089000;
100;0.348124;
101;0.463474;
102;0.136962;
103;0.414763;
104;0.717963;
105;1.247961;
106;1.775356;
107;0.272451;
108;2.174807;
109;1.222949;
110;0.046686;
111;0.046680;
112;0.938100;
113;8.688994;
114;0.196321;
115;2.654000;
116;1.464665;
117;2.746647;
118;0.832742;
119;0.002365;
120;*;
121;1.811561;
122;2.351745;
123;0.505300;
124;1.349184;
125;0.005173;
126;0.065716;
127;0.630551;
128;0.863883;
129;1.063906;
130;1.766219;
131;0.350731;
132;3.231999;
133;0.376386;
134;0.002115;
135;0.024575;
136;0.548880;
137;0.002323;
138;1.029700;
139;1.240102;
140;0.806900;
141;0.600840;
142;1.466820;
143;1.545400;
144;0.592000;
145;1.473000;
146;2.128100;
147;0.030929;
148;0.002601;
149;0.217094;
150;23.535378;
151;0.002542;
152;0.447708;
153;0.568040;
154;1.207165;
155;1.387584;
156;0.862063;
157;0.003156;
158;40.910697;
159;0.003704;
160;1.974240;
161;0.005190;
162;3.032072;
163;0.336620;
164;1.364679;
165;0.893320;
166;0.714520;
167;0.269201;
168;1.761934;
169;0.002733;
170;2.056210;
171;0.003299;
172;1.888000;
173;1.007640;
174;1.934478;
175;2.597027;
176;1.226006;
177;0.039123;
178;2.420770;
179;0.364950;
180;0.444104;
181;0.197030;
182;0.226484;
183;0.156384;
184;0.091506;
185;0.079427;
186;0.545254;
187;0.512194;
188;0.063954;
189;0.002600;
190;0.002609;
191;0.594576;
192;0.025702;
193;0.011440;
194;1.837000;
195;0.754000;
196;1.878500;
197;0.687000;
198;1.081000;
199;0.806720;
200;0.440189;
201;0.390715;
202;0.018250;
203;0.654400;
204;0.291360;
205;0.440283;
206;9.078388;
207;0.002910;
208;0.757119;
209;1.241000;
210;1.241126;
211;3.453004;
212;0.900105;
213;2.161309;
214;0.922475;
215;2.158436;
216;0.326279;
217;0.005757;
218;0.002995;
219;2.188190;
220;0.450448;
221;0.479164;
222;0.438014;
223;0.245454;
224;0.548939;
225;1.665119;
226;0.045782;
227;1.389137;
228;0.340729;
229;0.320423;
230;0.117073;
231;0.800132;
232;0.504900;
233;2.497012;
234;0.231390;
235;1.883480;
236;1.133900;
237;1.133077;
238;5.762097;
239;0.638565;
240;0.691251;
241;0.003390;
242;0.004056;
243;2.496100;
244;0.076541;
245;0.278754;
246;0.307197;
247;0.322062;
248;2.625490;
249;0.004991;
250;0.002816;
251;0.005565;
252;0.004554;
253;0.005596;
254;0.004329;
255;0.003803;
256;0.005506;
257;0.032654;
258;0.006633;
259;0.004692;
260;0.002959;
261;0.004798;
262;0.005568;
263;0.320271;
264;0.222367;
265;1.595840;
266;2.636940;
267;0.912512;
268;0.340203;
269;0.330210;
270;1.690414;
271;0.515000;
272;0.377736;
273;0.263212;
274;0.007920;
275;0.241642;
276;0.433421;
277;0.674532;
278;0.322500;
279;0.354438;
280;8.047000;
281;0.023000;
282;3.745539;
283;0.078234;
284;0.689224;
285;0.975737;
286;0.906502;
287;0.907000;
288;0.642743;
289;1.149196;
290;0.963018;
291;0.004388;
292;0.157285;
293;0.033392;
294;*;
295;0.979000;
296;1.817565;
297;0.842782;
298;0.210524;
299;0.200511;
300;1.245856;
301;0.112613;
302;0.016122;
303;0.143158;
304;0.524271;
305;0.401141;
306;0.050570;
307;0.909000;
308;1.286015;
309;0.003210;
310;0.113650;
311;0.425189;
312;0.245975;
313;0.708954;
314;*;
315;1.073930;
316;2.843849;
317;1.745000;
318;0.559493;
319;0.464961;
320;1.146906;
321;0.827838;
322;0.790549;
323;0.002556;
324;1.482160;
325;0.043643;
326;2.261365;
327;0.395969;
328;0.698190;
329;0.002728;
330;1.076200;
331;0.945845;
332;0.055698;
333;0.003861;
334;1.674430;
335;0.270329;
336;1.412090;
337;0.297982;
338;0.443871;
339;0.619199;
340;0.003062;
341;0.334960;
342;1.039200;
343;0.003149;
344;0.441030;
345;0.269954;
346;0.028854;
347;0.002722;
348;*;
349;0.008772;
350;0.333208;
351;0.472200;
352;0.613760;
353;1.039077;
354;0.498397;
355;0.727910;
356;0.346523;
357;0.475885;
358;2.180000;
359;1.241421;
360;0.476623;
361;2.881470;
362;1.248550;
363;0.680575;
364;1.244427;
365;0.110979;
366;0.287841;
367;0.297395;
368;0.237099;
369;3.253211;
370;0.033856;
371;0.002869;
372;0.476000;
373;0.003946;
374;1.984597;
375;*;
376;*;
377;0.986486;
378;0.003461;
379;0.646210;
380;0.025670;
381;*;
382;0.729130;
383;1.144860;
384;0.008853;
385;0.657870;
386;0.903913;
387;0.002510;
388;0.002507;
389;1.234854;
390;4.169000;
391;1.050700;
392;0.924054;
393;0.047530;
394;0.004758;
395;1.214441;
396;0.790000;
397;1.224754;
398;0.183157;
399;0.563295;
400;0.823701;
401;0.384929;
402;0.637000;
403;0.195671;
404;0.665994;
405;0.034429;
406;0.485268;
407;1.214090;
408;0.005491;
409;0.974729;
410;8.391116;
411;0.015542;
412;0.711540;
413;0.424311;
414;3.442308;
415;0.251709;
416;0.510176;
417;0.004090;
418;1.796250;
419;1.772000;
420;0.156250;
421;4.862874;
422;0.320370;
423;0.022699;
424;2.773461;
425;6.827693;
426;0.374921;
427;0.002886;
428;1.730000;
429;0.003139;
430;0.606191;
431;0.166762;
432;0.091996;
433;0.214839;
434;2.893668;
435;2.791025;
436;0.407701;
437;1.174929;
438;1.095453;
439;1.174870;
440;0.915216;
441;0.003479;
442;2.093620;
443;1.442349;
444;0.682265;
445;1.092000;
446;1.091870;
447;0.273973;
448;*;
449;0.571257;
450;2.191987;
451;2.063100;
452;11.370386;
453;0.526644;
454;0.866349;
455;0.547202;
456;1.248264;
457;0.482596;
458;0.531383;
459;1.292241;
460;0.645161;
461;0.434242;
462;0.763742;
463;2.161259;
464;1.238130;
465;0.124837;
466;1.073567;
467;0.545446;
468;0.396730;
469;0.112799;
470;0.864873;
471;0.009861;
472;0.530661;
473;0.013500;
474;0.013527;
475;1.848919;
476;0.311674;
477;0.121118;
478;0.384645;
479;0.541404;
480;0.089328;
481;0.738436;
482;1.273768;
483;0.629410;
484;0.751625;
485;0.308581;
486;0.003615;
487;1.703946;
488;0.449339;
489;0.720614;
490;0.644367;
491;1.365860;
492;0.002846;
493;0.208956;
494;1.116099;
495;5.977493;
496;0.452400;
497;1.602228;
498;0.367954;
499;0.473156;
500;1.233033;
501;1.267541;
502;0.064686;
503;0.575072;
504;0.962511;
505;0.242961;
506;0.326793;
507;0.011110;
508;75.885547;
509;0.442058;
510;0.660314;
511;0.965174;
512;0.549554;
513;0.988281;
514;0.346310;
515;0.340854;
516;0.253558;
517;0.401626;
518;0.106771;
519;1.362890;
520;1.579050;
521;1.940636;
522;1.526085;
523;1.310444;
524;0.052905;
525;0.812600;
526;1.216976;
527;1.567994;
528;0.009680;
529;0.430632;
530;0.004417;
531;0.950357;
532;*;
533;0.746344;
534;0.739505;
535;0.005983;
536;0.761889;
537;0.327951;
538;2.060400;
539;1.045757;
540;*;
541;1.807069;
542;0.004638;
543;1.931627;
544;4.392159;
545;3.669910;
546;0.570409;
547;1.444778;
548;0.961553;
549;0.522581;
550;0.087569;
551;0.586778;
552;0.658559;
553;0.664389;
554;0.808171;
555;1.087418;
556;0.532975;
557;1.734000;
558;2.229431;
559;0.570264;
560;0.331586;
561;1.097706;
562;0.851014;
563;0.166095;
564;0.640016;
565;0.212378;
566;0.001414;
567;1.373816;
568;0.253065;
569;0.472866;
570;0.004835;
571;0.002023;
572;0.862123;
573;0.001999;
574;1.723700;
575;0.203557;
576;0.670086;
577;0.440372;
578;0.255677;
579;1.436639;
580;1.661177;
581;0.379533;
582;7.733640;
583;0.777501;
584;0.713489;
585;0.880000;
586;0.307074;
587;3.066365;
588;0.835797;
589;*;
590;0.005256;
591;2.517945;
592;0.003101;
593;2.133591;
594;0.819929;
595;0.442901;
596;1.508800;
597;0.020800;
598;0.139920;
599;0.769586;
600;0.087834;
601;0.107386;
602;0.452785;
603;0.503463;
604;0.002339;
605;0.083153;
606;1.804696;
607;0.162513;
608;0.003943;
609;1.238305;
610;0.140481;
611;0.282879;
612;0.670026;
613;0.016453;
614;1.643726;
615;0.001688;
616;0.111472;
617;0.005162;
618;0.091403;
619;0.027324;
620;0.306411;
621;2.407622;
622;0.078741;
623;0.464213;
624;1.150591;
625;0.791480;
626;0.034471;
627;0.579577;
628;0.002872;
629;0.001680;
630;0.510370;
631;0.533502;
632;0.003408;
633;0.028852;
634;0.661993;
635;0.271553;
636;1.246563;
637;1.386369;
638;1.170868;
639;0.288605;
640;0.139029;
641;0.024048;
642;0.007474;
643;0.326271;
644;0.369428;
645;0.330328;
646;0.198453;
647;0.004665;
648;2.730862;
649;0.123740;
650;1.231305;
651;0.727618;
652;2.202328;
653;6.452077;
654;1.146050;
655;0.180592;
656;0.383830;
657;0.346909;
658;0.228324;
659;1.840004;
660;0.947558;
661;0.099661;
662;0.448635;
663;2.919397;
664;0.676082;
665;0.422451;
666;0.026310;
667;0.628306;
668;0.197116;
669;0.620365;
670;1.347404;
671;0.616271;
672;3.631170;
673;1.185003;
674;0.062800;
675;0.005109;
676;0.004050;
677;0.003393;
678;0.396587;
679;0.280905;
680;6.403055;
681;0.875000;
682;0.351112;
683;0.194938;
684;0.063202;
685;2.717934;
686;0.252773;
687;1.516531;
688;1.799396;
689;0.004278;
690;0.793350;
691;0.558254;
692;0.106689;
693;0.064962;
694;0.334214;
695;0.820488;
696;0.880865;
697;1.656440;
698;1.310894;
699;0.259782;
700;0.867949;
701;0.943165;
702;0.505106;
703;1.155272;
704;0.407963;
705;2.280602;
706;0.497000;
707;0.005557;
708;0.535787;
709;0.007838;
710;0.244839;
711;0.640238;
712;0.271438;
713;0.232979;
714;0.002410;
715;0.185560;
716;0.135477;
717;0.479099;
718;0.004202;
719;0.003102;
720;0.002630;
721;0.358161;
722;0.887550;
723;0.202737;
724;0.579419;
725;0.515984;
726;1.062880;
727;4.796637;
728;0.162323;
729;0.680984;
730;0.256353;
731;1.002000;
732;0.325634;
733;0.175166;
734;1.022876;
735;0.688961;
736;*;
737;0.114943;
738;1.187917;
739;0.364715;
740;1.023619;
741;1.189309;
742;0.002513;
743;0.556216;
744;0.624372;
745;0.117564;
746;0.120482;
747;0.538433;
748;0.291468;
749;0.393899;
750;0.005075;
751;0.558383;
752;0.675646;
753;0.685358;
754;0.987783;
755;0.850665;
756;0.273375;
757;0.003722;
758;3.559937;
759;3.241029;
760;1.496743;
761;0.101633;
762;1.789829;
763;0.376570;
764;2.449000;
765;2.343480;
766;0.011100;
767;0.282012;
768;0.078870;
769;*;
770;0.288417;
771;1.037931;
772;0.043589;
773;0.400526;
774;0.667486;
775;0.525077;
776;0.592136;
777;0.452803;
778;0.100604;
779;0.308861;
780;1.769828;
781;0.004843;
782;0.028714;
783;0.440591;
784;0.424131;
785;0.279768;
786;1.163186;
787;4.237010;
788;0.433084;
789;0.073802;
790;0.909823;
791;0.636414;
792;6.355000;
793;0.374053;
794;0.003539;
795;0.789212;
796;0.001935;
797;1.081164;
798;0.288541;
799;0.585761;
800;0.216480;
801;1.018453;
802;0.626324;
803;0.419619;
804;2.285076;
805;6.193004;
806;0.001686;
807;0.034528;
808;0.444578;
809;0.003684;
810;0.877239;
811;0.206612;
812;0.409834;
813;1.351236;
814;0.247525;
815;1.872994;
816;0.285318;
817;0.088282;
818;0.564759;
819;0.756892;
820;0.569242;
821;0.638234;
822;0.256778;
823;3.597574;
824;0.294760;
825;0.100565;
826;2.110974;
827;1.118591;
828;0.858327;
829;1.382449;
830;0.004700;
831;0.653900;
832;1.301924;
833;0.512244;
834;1.310000;
835;0.005313;
836;1.216500;
837;0.471225;
838;0.388485;
839;3.425324;
840;1.411433;
841;0.275207;
842;0.147274;
843;0.212905;
844;1.546819;
845;2.283093;
846;0.473871;
847;0.198335;
848;1.234893;
849;0.434445;
850;0.327058;
851;0.220104;
852;0.823339;
853;0.255498;
854;0.184502;
855;0.052000;
856;0.657974;
857;0.182912;
858;0.617308;
859;0.663330;
860;0.006219;
861;1.143316;
862;0.001844;
863;0.184528;
864;0.663830;
865;0.003771;
866;0.325724;
867;0.967846;
868;0.047763;
869;0.396274;
870;0.419416;
871;2.306642;
872;0.004180;
873;0.427774;
874;0.478231;
875;0.571652;
876;0.197276;
877;0.002205;
878;1.783181;
879;0.005671;
880;0.981902;
881;0.473028;
882;4.962427;
883;3.651200;
884;10.312522;
885;0.002830;
886;1.058833;
887;0.464700;
888;0.619454;
889;0.398292;
890;0.185667;
891;0.447518;
892;0.002560;
893;0.004228;
894;0.033163;
895;0.006242;
896;0.012535;
897;0.006070;
898;0.003972;
899;0.728154;
900;0.849243;
901;2.437433;
902;0.848933;
903;2.948390;
904;1.932600;
905;0.342825;
906;0.002908;
907;2.642199;
908;0.261271;
909;0.284353;
910;0.421118;
911;1.028620;
912;0.458488;
913;0.279738;
914;0.670037;
915;1.279058;
916;1.044851;
917;0.506058;
918;2.764209;
919;0.844109;
920;2.483804;
921;0.028969;
922;0.041500;
923;0.004109;
924;0.004792;
925;0.006868;
926;0.004579;
927;0.004208;
928;0.477994;
929;0.792674;
930;0.543016;
931;0.041513;
932;0.002678;
933;0.529929;
934;0.196480;
935;0.280678;
936;0.532703;
937;1.478721;
938;0.528858;
939;0.734367;
940;*;
941;1.565218;
942;0.648117;
943;1.106400;
944;0.650434;
945;0.345603;
946;1.532135;
947;0.911092;
948;0.107718;
949;0.399192;
950;0.003238;
951;1.506603;
952;0.478145;
953;1.257511;
954;0.207953;
955;0.009423;
956;1.239003;
957;0.004088;
958;0.137055;
959;0.558179;
960;0.378629;
961;0.627299;
962;0.193340;
963;0.002545;
964;0.002389;
965;0.002166;
966;0.005443;
967;0.005470;
968;0.004400;
969;1.394104;
970;0.252398;
971;0.540102;
972;1.253087;
973;0.299625;
974;0.609972;
975;0.616257;
976;0.927772;
977;0.259365;
978;0.373034;
979;0.295700;
980;0.138158;
981;0.004738;
982;0.628903;
983;2.076200;
984;0.851064;
985;0.850800;
986;2.951938;
987;0.644305;
988;2.038674;
989;1.213385;
990;0.276603;
991;0.507380;
992;0.455761;
993;0.912971;
994;0.166308;
995;0.374120;
996;0.060533;
997;0.127509;
998;0.899747;
999;1.855465;
1000;0.003084;
1001;0.031182;
1002;0.842805;
1003;0.005892;
1004;1.380182;
1005;0.362634;
1006;0.399170;
1007;1.306199;
1008;2.650439;
1009;0.007602;
1010;0.617575;
1011;2.436795;
1012;0.288350;
1013;1.248312;
1014;0.213075;
1015;0.492344;
1016;0.701615;
1017;1.120892;
1018;0.567635;
1019;1.125000;
1020;0.300581;
1021;0.528591;
1022;0.050052;
1023;0.278729;
1024;0.062453;
1025;0.058199;
1026;0.529158;
1027;0.315258;
1028;0.021676;
1029;0.285625;
1030;0.109741;
1031;0.292408;
1032;0.394953;
1033;4.630188;
1034;0.392479;
1035;0.794883;
1036;0.295584;
1037;0.002664;
1038;1.096807;
1039;1.672596;
1040;0.110573;
1041;0.935772;
1042;0.034117;
1043;0.068180;
1044;0.006386;
1045;0.340968;
1046;1.671473;
1047;0.333411;
1048;0.770375;
1049;1.427000;
1050;0.366737;
1051;1.023504;
1052;0.353263;
1053;0.707868;
1054;0.501730;
1055;0.995800;
1056;0.283700;
1057;0.995864;
1058;0.586486;
1059;0.570293;
1060;0.115843;
1061;0.763915;
1062;0.491519;
1063;0.785443;
1064;0.002012;
1065;0.004111;
1066;0.002772;
1067;2.034989;
1068;*;
1069;1.954430;
1070;0.041741;
1071;1.072121;
1072;0.306368;
1073;0.963348;
1074;0.472997;
1075;3.262166;
1076;0.009348;
1077;0.009333;
1078;0.003719;
1079;0.061696;
1080;0.467616;
1081;0.777994;
1082;0.947903;
1083;0.028635;
1084;0.459607;
1085;1.175840;
1086;0.732061;
1087;1.132600;
1088;2.760228;
1089;4.758576;
1090;0.003719;
1091;0.002195;
1092;0.158730;
1093;0.463330;
1094;0.029466;
1095;0.075253;
1096;0.386643;
1097;0.154992;
1098;0.005792;
1099;0.179487;
1100;0.396459;
1101;0.045249;
1102;0.007987;
1103;0.176191;
1104;0.536810;
1105;0.263377;
1106;1.748308;
1107;1.498637;
1108;0.390739;
1109;0.103151;
1110;0.213661;
1111;0.464037;
1112;0.782949;
1113;3.784000;
1114;1.752508;
1115;0.535506;
1116;0.668105;
1117;0.842104;
1118;0.026744;
1119;3.314002;
1120;0.412985;
1121;1.672372;
1122;0.999000;
1123;0.840739;
1124;0.286759;
1125;0.897254;
1126;0.355656;
1127;0.739682;
1128;0.088925;
1129;0.339038;
1130;0.943871;
1131;0.004779;
1132;0.200384;
1133;0.301511;
1134;2.040533;
1135;0.128699;
1136;0.229595;
1137;0.002119;
1138;0.973478;
1139;0.151582;
1140;1.046117;
1141;1.958737;
1142;0.454840;
1143;0.003589;
1144;0.296279;
1145;0.148797;
1146;1.147000;
1147;0.286648;
1148;0.036022;
1149;0.140668;
1150;1.103726;
1151;0.064402;
1152;0.650837;
1153;0.886613;
1154;0.005554;
1155;0.007947;
1156;0.002484;
1157;0.002988;
1158;0.003182;
1159;0.002654;
1160;0.002750;
1161;0.040935;
1162;0.794997;
1163;0.499196;
1164;0.214925;
1165;0.510656;
1166;0.518758;
1167;2.154307;
1168;1.254052;
1169;0.270699;
1170;0.173682;
1171;1.389605;
1172;0.102136;
1173;0.395355;
1174;1.504835;
1175;0.078244;
1176;1.116174;
1177;0.961043;
1178;1.011694;
1179;0.355156;
1180;0.011360;
1181;0.280349;
1182;0.002489;
1183;0.301888;
1184;0.848913;
1185;2.417605;
1186;1.048720;
1187;0.060822;
1188;0.526556;
1189;3.467302;
1190;0.355687;
1191;0.476418;
1192;0.799000;
1193;0.008486;
1194;1.268454;
1195;0.891265;
1196;0.036032;
1197;0.822249;
1198;0.505000;
1199;0.278960;
1200;0.568030;
1201;0.910320;
1202;0.356849;
1203;0.084211;
1204;1.124836;
1205;0.443825;
1206;0.522977;
1207;1.221426;
1208;0.364835;
1209;1.368882;
1210;0.289690;
1211;0.432869;
1212;0.468402;
1213;0.566734;
1214;0.307179;
1215;0.933300;
1216;1.901000;
1217;1.319759;
1218;0.003080;
1219;0.881438;
1220;0.557841;
1221;0.369501;
1222;0.006875;
1223;0.037904;
1224;0.301312;
1225;1.528124;
1226;0.006927;
1227;0.430464;
1228;0.369501;
1229;3.449385;
1230;0.276726;
1231;0.395731;
1232;0.104676;
1233;1.908494;
1234;0.843980;
1235;0.341216;
1236;0.506568;
1237;1.272842;
1238;1.004958;
1239;0.243395;
1240;1.630846;
1241;0.612916;
1242;3.474720;
1243;0.277701;
1244;*;
1245;0.295838;
1246;0.599249;
1247;1.783865;
1248;1.207621;
1249;0.748449;
1250;0.709065;
1251;0.644255;
1252;0.002057;
1253;0.004312;
1254;0.377138;
1255;0.002159;
1256;0.484130;
1257;0.002390;
1258;0.178554;
1259;0.003575;
1260;0.002606;
1261;0.580848;
1262;0.007797;
1263;1.576925;
1264;0.452782;
1265;0.004291;
1266;0.647198;
1267;0.242191;
1268;0.145655;
1269;0.602741;
1270;0.541382;
1271;0.170942;
1272;1.262471;
1273;0.288355;
1274;0.003317;
1275;0.737500;
1276;0.497772;
1277;0.749671;
1278;1.421124;
1279;2.069833;
1280;0.007094;
1281;0.674060;
1282;0.453448;
1283;0.198839;
1284;0.002428;
1285;0.006284;
1286;1.081347;
1287;*;
1288;0.464779;
1289;0.125230;
1290;3.418039;
1291;0.008702;
1292;*;
1293;0.975410;
1294;0.532578;
1295;0.001788;
1296;0.518110;
1297;1.170896;
1298;1.170894;
1299;0.994681;
1300;0.329187;
1301;0.408155;
1302;0.583758;
1303;0.594575;
1304;1.122342;
1305;0.267268;
1306;1.169890;
1307;0.257057;
1308;1.300737;
1309;0.957267;
1310;0.003598;
1311;0.287526;
1312;0.192606;
1313;0.194456;
1314;1.247666;
1315;0.860777;
1316;2.559357;
1317;0.288479;
1318;0.003708;
1319;0.003116;
1320;0.819990;
1321;0.864297;
1322;0.503000;
1323;0.714700;
1324;0.283071;
1325;0.778316;
1326;0.141909;
1327;0.839221;
1328;0.960792;
1329;0.496080;
1330;0.014842;
1331;1.675869;
1332;0.883890;
1333;1.389200;
1334;0.527466;
1335;0.007718;
1336;0.327419;
1337;0.341403;
1338;6.880000;
1339;2.193373;
1340;1.013609;
1341;2.193373;
1342;0.658013;
1343;0.421816;
1344;0.342723;
1345;0.298116;
1346;1.557917;
1347;0.249609;
1348;1.279402;
1349;1.018393;
1350;*;
1351;0.227419;
1352;0.481119;
1353;0.786468;
1354;1.296870;
1355;2.593726;
1356;0.009600;
1357;1.296850;
1358;0.666438;
1359;0.182495;
1360;0.354550;
1361;0.426646;
1362;0.923834;
1363;0.192687;
1364;1.368283;
1365;0.483311;
1366;0.732121;
1367;0.846907;
1368;0.615521;
1369;0.382377;
1370;0.457516;
1371;0.655221;
1372;1.206803;
1373;0.003151;
1374;0.033504;
1375;0.464106;
1376;0.407292;
1377;0.888793;
1378;0.231694;
1379;1.534008;
1380;0.509903;
1381;0.572592;
1382;2.477568;
1383;0.558258;
1384;0.179278;
1385;0.360958;
1386;0.791528;
1387;0.003359;
1388;0.491384;
1389;1.219594;
1390;1.025831;
1391;0.894924;
1392;0.004318;
1393;3.428479;
1394;0.567080;
1395;0.069357;
1396;0.005779;
1397;0.011987;
1398;1.867136;
1399;0.005931;
1400;0.407109;
1401;1.883798;
1402;1.158600;
1403;1.023152;
1404;0.171935;
1405;1.156360;
1406;1.084029;
1407;0.371925;
1408;0.003845;
1409;0.731463;
1410;0.916939;
1411;0.457681;
1412;0.265072;
1413;0.735092;
1414;1.072968;
1415;4.327020;
1416;0.023623;
1417;0.503015;
1418;1.276448;
1419;0.011076;
1420;0.364591;
1421;0.866306;
1422;0.492347;
1423;0.725762;
1424;0.085072;
1425;0.002410;
1426;0.651801;
1427;0.395763;
1428;0.002960;
1429;0.167861;
1430;0.233165;
1431;0.871243;
1432;0.448723;
1433;0.002834;
1434;2.355278;
1435;0.460339;
1436;0.355856;
1437;0.308354;
1438;0.370147;
1439;0.293928;
1440;0.450868;
1441;0.490857;
1442;0.002183;
1443;0.140746;
1444;0.612331;
1445;0.623678;
1446;0.439684;
1447;0.352465;
1448;0.354234;
1449;0.181178;
1450;0.003212;
1451;0.449439;
1452;0.865971;
1453;4.137539;
1454;1.525000;
1455;0.314056;
1456;2.988193;
1457;0.526365;
1458;0.006001;
1459;0.003229;
1460;0.003318;
1461;1.912420;
1462;0.559081;
1463;0.575971;
1464;0.310186;
1465;0.677684;
1466;0.551241;
1467;1.103326;
1468;0.118719;
1469;0.717637;
1470;1.046810;
1471;1.709208;
1472;0.228569;
1473;0.813672;
1474;0.416836;
1475;0.935557;
1476;0.436507;
1477;0.710830;
1478;2.514780;
1479;0.352145;
1480;0.002120;
1481;2.015263;
1482;0.684936;
1483;0.356715;
1484;0.507356;
1485;0.224201;
1486;1.208694;
1487;0.490507;
1488;1.179387;
1489;1.594746;
1490;1.488903;
1491;0.504831;
1492;2.594578;
1493;0.671964;
1494;0.529123;
1495;0.510454;
1496;0.555086;
1497;0.206649;
1498;1.204644;
1499;0.430367;
1500;0.340106;
1501;0.771367;
1502;0.252870;
1503;0.118774;
1504;0.493091;
1505;0.154066;
1506;1.165741;
1507;0.837365;
1508;0.767720;
1509;0.705000;
1510;0.698261;
1511;0.771130;
1512;0.510929;
1513;1.121944;
1514;0.568057;
1515;0.117803;
1516;0.278155;
1517;0.426668;
1518;0.065740;
1519;0.763933;
1520;0.340504;
1521;1.430695;
1522;0.587559;
1523;0.519137;
1524;0.529121;
1525;0.003163;
1526;0.206443;
1527;0.178352;
1528;0.517445;
1529;0.739099;
1530;0.010378;
1531;0.003528;
1532;0.003722;
1533;0.003118;
1534;0.002487;
1535;0.003004;
1536;0.004324;
1537;0.011214;
1538;0.006375;
1539;0.002021;
1540;1.091008;
1541;0.795190;
1542;0.175106;
1543;1.099047;
1544;*;
1545;0.004622;
1546;0.237390;
1547;1.347899;
1548;0.717528;
1549;0.397000;
1550;0.173911;
1551;0.455078;
1552;0.250941;
1553;0.125962;
1554;0.410861;
1555;0.387692;
1556;1.660080;
1557;4.817736;
1558;0.005853;
1559;0.840680;
1560;0.231603;
1561;*;
1562;0.431784;
1563;0.530075;
1564;1.785614;
1565;1.599798;
1566;1.599799;
1567;0.212316;
1568;10.610656;
1569;0.247528;
1570;0.719458;
1571;0.629632;
1572;0.164966;
1573;0.583765;
1574;1.015257;
1575;0.003424;
1576;0.587242;
1577;0.262026;
1578;0.770910;
1579;0.676410;
1580;0.870712;
1581;0.557036;
1582;0.297692;
1583;0.613571;
1584;1.749554;
1585;0.308918;
1586;0.309398;
1587;0.380870;
1588;0.127123;
1589;0.156400;
1590;0.059676;
1591;0.828000;
1592;0.973396;
1593;0.844081;
1594;0.517443;
1595;0.569352;
1596;0.635058;
1597;0.890537;
1598;1.755312;
1599;0.915803;
1600;0.305447;
1601;1.703739;
1602;0.496548;
1603;7.707183;
1604;0.003785;
1605;0.599681;
1606;0.001968;
1607;0.004129;
1608;0.305040;
1609;1.019372;
1610;0.498978;
1611;0.612558;
1612;0.419280;
1613;0.950977;
1614;3.059510;
1615;0.545360;
1616;1.623730;
1617;0.791822;
1618;0.939165;
1619;1.273945;
1620;1.101555;
1621;0.542936;
1622;1.193439;
1623;0.276689;
1624;2.927288;
1625;1.497850;
1626;0.776155;
1627;0.730134;
1628;1.570276;
1629;0.004730;
1630;0.007350;
1631;0.609613;
1632;0.892310;
1633;0.033028;
1634;3.359700;
1635;1.166449;
1636;0.369365;
1637;0.416876;
1638;0.002439;
1639;0.640958;
1640;0.474381;
1641;0.353293;
1642;0.544573;
1643;0.817312;
1644;1.358311;
1645;1.494091;
1646;3.746460;
1647;0.560504;
1648;0.283792;
1649;0.755535;
1650;0.578363;
1651;0.005242;
1652;0.003594;
1653;0.007613;
1654;0.003418;
1655;0.003234;
1656;0.002295;
1657;0.004608;
1658;0.003705;
1659;0.003296;
1660;0.291341;
1661;2.454618;
1662;0.322909;
1663;0.804304;
1664;0.390328;
1665;0.182136;
1666;0.345805;
1667;0.227565;
1668;0.215508;
1669;0.240524;
1670;2.123506;
1671;1.270240;
1672;0.804343;
1673;1.211785;
1674;6.443000;
1675;1.747293;
1676;1.396405;
1677;2.270547;
1678;0.305234;
1679;0.230709;
1680;0.306323;
1681;0.237480;
1682;0.002480;
1683;0.298991;
1684;0.255427;
1685;0.854482;
1686;0.318979;
1687;0.861067;
1688;0.222561;
1689;0.808546;
1690;1.476690;
1691;0.586287;
1692;0.180632;
1693;0.616979;
1694;0.429922;
1695;0.361921;
1696;0.159765;
1697;0.581018;
1698;0.890598;
1699;5.763777;
1700;0.266475;
1701;0.410772;
1702;0.692116;
1703;0.004505;
1704;0.587567;
1705;0.669836;
1706;1.225782;
1707;11.006262;
1708;1.297837;
1709;0.016657;
1710;0.449620;
1711;1.191024;
1712;0.004631;
1713;0.003524;
1714;0.653061;
1715;0.447859;
1716;0.586986;
1717;*;
1718;1.735898;
1719;0.865238;
1720;0.102533;
1721;0.003220;
1722;0.954158;
1723;0.792659;
1724;0.977337;
1725;0.286561;
1726;0.868805;
1727;0.465365;
1728;0.102618;
1729;0.899233;
1730;0.255360;
1731;0.778149;
1732;0.092528;
1733;0.004570;
1734;0.432526;
1735;1.600114;
1736;0.392451;
1737;2.088836;
1738;3.824936;
1739;0.084140;
1740;0.548097;
1741;1.260214;
1742;0.779628;
1743;0.928108;
1744;0.278494;
1745;2.072155;
1746;0.573745;
1747;0.002110;
1748;0.630314;
1749;0.829120;
1750;0.311813;
1751;1.036067;
1752;0.555825;
1753;3.901000;
1754;0.003160;
1755;0.656299;
1756;0.682419;
1757;1.149499;
1758;1.085521;
1759;0.397857;
1760;0.349929;
1761;0.887719;
1762;0.546233;
1763;0.321793;
1764;1.289379;
1765;3.378574;
1766;0.074675;
1767;0.548419;
1768;0.590473;
1769;0.005790;
1770;0.453993;
1771;0.493775;
1772;0.757151;
1773;0.189094;
1774;0.235475;
1775;3.357000;
1776;1.615664;
1777;0.477715;
1778;0.003268;
1779;1.565606;
1780;0.874265;
1781;0.620449;
1782;0.092132;
1783;0.351125;
1784;2.181327;
1785;1.004037;
1786;0.404040;
1787;0.003497;
1788;0.280424;
1789;0.821618;
1790;0.477158;
1791;0.399187;
1792;0.236180;
1793;0.218554;
1794;0.001856;
1795;0.625034;
1796;0.202725;
1797;0.765796;
1798;0.150924;
1799;1.982265;
1800;0.948237;
1801;1.421990;
1802;1.221708;
1803;1.309109;
1804;0.239919;
1805;1.257788;
1806;1.032471;
1807;0.392641;
1808;2.062386;
1809;0.004792;
1810;1.465071;
1811;1.308600;
1812;0.123470;
1813;1.110132;
1814;0.287432;
1815;0.882778;
1816;0.631800;
1817;0.002450;
1818;1.293100;
1819;*;
1820;0.027083;
1821;0.028405;
1822;0.386004;
1823;0.354310;
1824;0.615538;
1825;0.866343;
1826;0.066293;
1827;1.150000;
1828;0.008123;
1829;1.538427;
1830;0.139506;
1831;3.270242;
1832;0.099830;
1833;0.002345;
1834;0.753048;
1835;0.606900;
1836;0.544671;
1837;0.829946;
1838;0.483770;
1839;0.196543;
1840;0.332887;
1841;0.126690;
1842;2.184001;
1843;0.627981;
1844;0.323434;
1845;0.005313;
1846;0.302000;
1847;0.871683;
1848;0.659794;
1849;0.768185;
1850;0.362052;
1851;1.245915;
1852;0.337600;
1853;0.561781;
1854;1.011234;
1855;0.839394;
1856;0.612524;
1857;0.301456;
1858;0.541286;
1859;1.169341;
1860;0.510718;
1861;0.782887;
1862;0.419335;
1863;0.118683;
1864;0.428560;
1865;0.350972;
1866;1.273866;
1867;0.999245;
1868;0.139298;
1869;2.642223;
1870;1.592419;
1871;6.445036;
1872;0.346932;
1873;0.502803;
1874;0.001980;
1875;0.008520;
1876;0.008460;
1877;0.002890;
1878;0.002280;
1879;0.004175;
1880;0.768672;
1881;0.450432;
1882;0.634060;
1883;0.816273;
1884;0.397591;
1885;0.005850;
1886;1.391790;
1887;1.369302;
1888;1.978847;
1889;0.349591;
1890;0.627716;
1891;0.443425;
1892;0.549498;
1893;0.768500;
1894;0.357734;
1895;0.730373;
1896;0.234169;
1897;1.215698;
1898;1.818461;
1899;0.490142;
1900;0.322889;
1901;0.114372;
1902;0.239317;
1903;0.277105;
1904;0.529441;
1905;0.877561;
1906;0.341772;
1907;0.154101;
1908;0.803052;
1909;1.058210;
1910;1.692656;
1911;0.606887;
1912;0.570313;
1913;0.515001;
1914;0.003650;
1915;0.005787;
1916;0.003747;
1917;1.360738;
1918;0.828861;
1919;2.043085;
1920;3.904506;
1921;0.413700;
1922;2.565000;
1923;2.565552;
1924;0.346797;
1925;0.892959;
1926;0.223558;
1927;1.893749;
1928;0.875137;
1929;0.512212;
1930;0.252600;
1931;0.131610;
1932;0.003664;
1933;0.918179;
1934;0.143307;
1935;1.016349;
1936;0.412401;
1937;1.473630;
1938;0.444646;
1939;0.405337;
1940;1.242508;
1941;2.414652;
1942;0.193113;
1943;0.569980;
1944;0.306168;
1945;0.004075;
1946;1.757206;
1947;1.683507;
1948;0.008392;
1949;1.066076;
1950;0.172444;
1951;0.355666;
1952;0.004688;
1953;0.002652;
1954;1.059849;
1955;0.305055;
1956;0.679516;
1957;1.045407;
1958;0.019376;
1959;1.160593;
1960;0.005417;
1961;0.487528;
1962;3.763733;
1963;0.982000;
1964;0.187379;
1965;0.367438;
1966;0.698353;
1967;3.465038;
1968;1.058148;
1969;1.829047;
1970;1.888929;
1971;1.478480;
1972;1.077101;
1973;0.945224;
1974;0.199541;
1975;1.578793;
1976;0.500254;
1977;2.780079;
1978;0.052153;
1979;0.098814;
1980;0.001646;
1981;0.001765;
1982;0.394134;
1983;0.288603;
1984;0.016760;
1985;0.006227;
1986;0.013496;
1987;0.016264;
1988;0.003794;
1989;0.442838;
1990;0.011563;
1991;0.008436;
1992;0.004714;
1993;0.002198;
1994;0.005540;
1995;0.021672;
1996;0.004926;
1997;0.009570;
1998;0.080338;
1999;0.002970;
2000;0.002245;
2001;0.003570;
2002;0.008667;
2003;0.001677;
2004;0.001729;
2005;0.002812;
2006;0.005029;
2007;0.006117;
2008;0.007085;
2009;0.003289;
2010;0.002073;
2011;0.004205;
2012;0.002999;
2013;0.002048;
2014;0.002463;
2015;0.005788;
2016;0.005120;
2017;0.005087;
2018;0.001396;
2019;0.003659;
2020;0.003304;
2021;0.004448;
2022;0.004965;
2023;0.021228;
2024;0.002959;
2025;0.001890;
2026;0.005950;
2027;0.002934;
2028;0.004802;
2029;0.002274;
2030;0.003745;
2031;0.012522;
2032;0.001953;
2033;0.002326;
2034;0.002188;
2035;0.004548;
2036;0.001849;
2037;0.013049;
2038;0.001943;
2039;0.100157;
2040;0.382735;
2041;0.009684;
2042;2.311650;
2043;0.436041;
2044;2.714556;
2045;0.874486;
2046;1.335388;
2047;0.609874;
2048;0.445822;
2049;0.307577;
2050;1.332310;
2051;1.908810;
2052;0.571810;
2053;0.008896;
2054;5.639047;
2055;0.712794;
2056;0.899377;
2057;0.034749;
2058;1.300513;
2059;0.005333;
2060;0.910363;
2061;0.684014;
2062;0.111601;
2063;0.006075;
2064;0.026569;
2065;0.005140;
2066;2.001384;
2067;0.394836;
2068;0.002230;
2069;0.003915;
2070;0.548231;
2071;0.742354;
2072;0.409051;
2073;0.191037;
2074;0.562567;
2075;0.640229;
2076;0.263349;
2077;1.039570;
2078;0.405454;
2079;0.062955;
2080;0.095138;
2081;0.528336;
2082;0.085859;
2083;0.018624;
2084;0.666804;
2085;0.061132;
2086;0.004411;
2087;0.652000;
2088;2.391397;
2089;2.090248;
2090;1.320490;
2091;0.361691;
2092;0.392704;
2093;0.190710;
2094;0.733744;
2095;0.322231;
2096;0.570687;
2097;1.175968;
2098;1.004513;
2099;0.233541;
2100;0.315196;
2101;0.430872;
2102;0.261955;
2103;0.959466;
2104;0.012786;
2105;0.744001;
2106;0.404980;
2107;0.028462;
2108;0.670480;
2109;0.487890;
2110;0.724514;
2111;0.179354;
2112;0.451273;
2113;0.021497;
2114;0.185310;
2115;0.234109;
2116;0.354459;
2117;0.017687;
2118;0.008870;
2119;0.002912;
2120;0.947256;
2121;0.692552;
2122;0.430278;
2123;0.633105;
2124;0.605502;
2125;2.107263;
2126;1.202893;
2127;0.766706;
2128;0.176016;
2129;2.512263;
2130;0.003151;
2131;0.798452;
2132;0.731505;
2133;0.254720;
2134;2.843389;
2135;0.460983;
2136;0.810718;
2137;0.558889;
2138;1.457739;
2139;0.956549;
2140;0.574400;
2141;1.078956;
2142;0.373392;
2143;0.578375;
2144;1.192544;
2145;0.783185;
2146;1.799272;
2147;1.030820;
2148;1.072109;
2149;0.003033;
2150;0.921493;
2151;0.007176;
2152;0.028962;
2153;0.003739;
2154;0.004227;
2155;0.007602;
2156;0.024892;
2157;0.051591;
2158;0.005643;
2159;0.003254;
2160;0.009590;
2161;0.006057;
2162;0.005357;
2163;0.004995;
2164;0.004287;
2165;0.003625;
2166;2.550498;
2167;1.108725;
2168;0.438113;
2169;0.375302;
2170;0.415827;
2171;0.124924;
2172;1.081911;
2173;0.007454;
2174;1.385604;
2175;0.554262;
2176;0.664300;
2177;1.680573;
2178;0.514671;
2179;0.012648;
2180;0.569007;
2181;2.461052;
2182;0.001520;
2183;0.346900;
2184;0.536596;
2185;2.864338;
2186;0.443649;
2187;0.133667;
2188;0.106334;
2189;0.334415;
2190;0.007101;
2191;0.004397;
2192;0.005840;
2193;0.005530;
2194;0.017926;
2195;0.148136;
2196;0.633412;
2197;0.003669;
2198;0.002135;
2199;0.635152;
2200;0.023101;
2201;0.280781;
2202;0.570511;
2203;0.009343;
2204;1.273011;
2205;0.001493;
2206;0.218712;
2207;0.002129;
2208;0.454651;
2209;1.181269;
2210;0.405769;
2211;0.357807;
2212;0.661402;
2213;0.428341;
2214;0.484286;
2215;0.015084;
2216;0.522620;
2217;0.668309;
2218;0.879791;
2219;0.481825;
2220;0.172004;
2221;0.328558;
2222;0.798900;
2223;0.464300;
2224;0.163727;
2225;0.003059;
2226;0.004186;
2227;2.764195;
2228;0.827786;
2229;0.425115;
2230;0.876045;
2231;0.596993;
2232;0.836422;
2233;0.544550;
2234;0.241035;
2235;0.101666;
2236;7.555920;
2237;0.918410;
2238;2.457882;
2239;0.364917;
2240;2.066650;
2241;1.887380;
2242;0.744976;
2243;0.313886;
2244;0.895289;
2245;1.124481;
2246;0.082764;
2247;5.540743;
2248;0.057256;
2249;0.434811;
2250;0.702417;
2251;0.146789;
2252;0.860388;
2253;0.307683;
2254;0.001663;
2255;1.106160;
2256;0.217214;
2257;1.161133;
2258;0.153716;
2259;0.032822;
2260;0.261050;
2261;0.461713;
2262;0.924946;
2263;0.004146;
2264;2.623859;
2265;0.391385;
2266;0.104182;
2267;0.557464;
2268;0.064667;
2269;0.002661;
2270;0.415813;
2271;1.432705;
2272;0.793903;
2273;1.439967;
2274;1.014529;
2275;2.182018;
2276;1.205374;
2277;0.538341;
2278;0.430991;
2279;1.903112;
2280;1.223352;
2281;0.315835;
2282;0.236983;
2283;0.587477;
2284;0.336425;
2285;0.931089;
2286;0.004107;
2287;0.004227;
2288;0.048072;
2289;1.035407;
2290;0.367591;
2291;0.044741;
2292;0.426468;
2293;0.328514;
2294;0.004430;
2295;0.002310;
2296;0.751261;
2297;0.253710;
2298;0.002090;
2299;1.014219;
2300;1.377868;
2301;0.957464;
2302;3.975905;
2303;1.089989;
2304;0.426844;
2305;0.198457;
2306;1.249924;
2307;0.004040;
2308;0.003193;
2309;0.041650;
2310;0.030650;
2311;0.217643;
2312;0.594500;
2313;0.782320;
2314;0.592885;
2315;0.217923;
2316;0.654430;
2317;0.438095;
2318;0.224604;
2319;0.149744;
2320;1.229085;
2321;1.229085;
2322;2.046838;
2323;0.625470;
2324;0.387019;
2325;0.384487;
2326;0.799190;
2327;2.206690;
2328;0.837535;
2329;0.544800;
2330;0.291489;
2331;0.281371;
2332;0.572549;
2333;0.939690;
2334;0.551134;
2335;0.952709;
2336;1.363492;
2337;0.799166;
2338;1.060364;
2339;0.160070;
2340;0.006600;
2341;0.852049;
2342;0.301490;
2343;0.294163;
2344;1.388137;
2345;1.515696;
2346;1.788490;
2347;4.263213;
2348;0.226539;
2349;2.352135;
2350;0.393522;
2351;0.632000;
2352;2.404950;
2353;0.033620;
2354;0.598083;
2355;0.337321;
2356;0.921460;
2357;0.333254;
2358;0.309905;
2359;0.004491;
2360;0.002700;
2361;0.004220;
2362;0.007560;
2363;0.002710;
2364;0.033781;
2365;1.366682;
2366;1.261857;
2367;2.217590;
2368;4.440880;
2369;0.414111;
2370;0.902316;
2371;1.656010;
2372;1.915131;
2373;0.998890;
2374;1.508000;
2375;0.009900;
2376;1.362817;
2377;1.787037;
2378;0.591418;
2379;0.499076;
2380;0.834839;
2381;0.148895;
2382;0.974700;
2383;2.071040;
2384;0.214771;
2385;8.437721;
2386;0.831156;
2387;1.874269;
2388;0.456512;
2389;0.917950;
2390;0.752907;
2391;0.759778;
2392;0.286184;
2393;0.279829;
2394;1.846534;
2395;0.617107;
2396;1.625405;
2397;1.636792;
2398;0.005440;
2399;0.378596;
2400;0.405936;
2401;0.003020;
2402;0.004394;
2403;0.004850;
2404;0.006091;
2405;0.005130;
2406;0.284057;
2407;0.002373;
2408;0.004066;
2409;1.374450;
2410;2.499470;
2411;0.223729;
2412;0.003233;
2413;0.435759;
2414;0.362492;
2415;1.396599;
2416;0.359394;
2417;0.412230;
2418;0.189337;
2419;1.161743;
2420;1.505875;
2421;0.003054;
2422;0.006547;
2423;0.004159;
2424;0.079832;
2425;0.005420;
2426;0.002451;
2427;0.005909;
2428;0.004629;
2429;0.003932;
2430;0.004039;
2431;0.004461;
2432;0.004100;
2433;0.004784;
2434;0.003353;
2435;0.223320;
2436;0.778950;
2437;0.006020;
2438;3.307350;
2439;0.096720;
2440;0.004554;
2441;0.769021;
2442;1.925872;
2443;0.279206;
2444;2.382000;
2445;1.271200;
2446;0.004591;
2447;0.363250;
2448;2.093141;
2449;0.110239;
2450;0.101487;
2451;0.770620;
2452;0.382073;
2453;0.004696;
2454;0.375170;
2455;0.337960;
2456;0.285480;
2457;0.270503;
2458;0.002242;
2459;0.512548;
2460;0.245757;
2461;0.499187;
2462;0.002940;
2463;1.903970;
2464;0.002970;
2465;0.003628;
2466;1.528295;
2467;0.741640;
2468;3.807116;
2469;2.426000;
2470;0.269416;
2471;0.153197;
2472;0.246333;
2473;0.072062;
2474;0.860332;
2475;0.514523;
2476;0.199147;
2477;0.041010;
2478;2.857000;
2479;1.653200;
2480;0.007430;
2481;0.318404;
2482;0.829166;
2483;0.307138;
2484;0.345698;
2485;0.001760;
2486;0.457539;
2487;0.007520;
2488;1.055340;
2489;*;
2490;0.695490;
2491;0.245260;
2492;0.405094;
2493;6.221553;
2494;0.747188;
2495;0.399848;
2496;0.771493;
2497;0.182280;
2498;0.002080;
2499;2.315140;
2500;0.837120;
2501;1.065578;
2502;0.612133;
2503;0.300872;
2504;0.067267;
2505;2.857941;
2506;2.165679;
2507;0.507945;
2508;0.533918;
2509;0.006340;
2510;1.212790;
2511;0.631800;
2512;0.744321;
2513;0.647326;
2514;0.002719;
2515;0.330354;
2516;0.199300;
2517;0.903700;
2518;0.002950;
2519;0.004430;
2520;0.291931;
2521;0.686739;
2522;0.744883;
2523;1.521545;
2524;0.483459;
2525;0.085291;
2526;7.565408;
2527;0.061884;
2528;0.633640;
2529;0.001866;
2530;1.889436;
2531;0.004640;
2532;0.161980;
2533;0.375560;
2534;1.172719;
2535;0.520954;
2536;0.329532;
2537;0.290108;
2538;0.487914;
2539;0.317315;
2540;0.512995;
2541;0.788374;
2542;0.491142;
2543;2.482302;
2544;0.512327;
2545;0.610259;
2546;0.358306;
2547;1.465656;
2548;0.026540;
2549;0.790070;
2550;2.199760;
2551;0.003320;
2552;2.298890;
2553;0.003230;
2554;0.599630;
2555;0.005116;
2556;1.277610;
2557;0.841865;
2558;1.087749;
2559;2.221787;
2560;0.305830;
2561;0.846494;
2562;0.750462;
2563;0.859192;
2564;0.235249;
2565;0.621734;
2566;0.145347;
2567;0.379536;
2568;0.302452;
2569;0.165918;
2570;0.670486;
2571;0.003889;
2572;0.001830;
2573;0.530460;
2574;0.629520;
2575;0.003810;
2576;0.449100;
2577;0.541178;
2578;0.692000;
2579;0.173264;
2580;0.939600;
2581;0.258520;
2582;0.005460;
2583;0.354238;
2584;0.457245;
2585;0.562721;
2586;0.496193;
2587;0.178756;
2588;0.003354;
2589;0.003232;
2590;0.418131;
2591;0.473513;
2592;0.094660;
2593;0.010700;
2594;1.009490;
2595;0.006260;
2596;1.707000;
2597;1.963536;
2598;0.617038;
2599;0.002730;
2600;0.272349;
2601;0.201065;
2602;0.096313;
2603;1.905809;
2604;1.099196;
2605;1.016605;
2606;1.876019;
2607;0.618361;
2608;0.005090;
2609;0.005087;
2610;0.054130;
2611;0.001870;
2612;2.203170;
2613;2.122580;
2614;0.653160;
2615;0.003820;
2616;0.549161;
2617;1.901967;
2618;2.577223;
2619;0.360450;
2620;0.183295;
2621;0.444426;
2622;0.005510;
2623;0.380866;
2624;0.145754;
2625;0.235311;
2626;0.927178;
2627;0.070498;
2628;1.218354;
2629;0.488242;
2630;0.633310;
2631;0.005370;
2632;0.272770;
2633;0.057928;
2634;0.933266;
2635;1.266790;
2636;0.238782;
2637;2.675682;
2638;0.520940;
2639;0.149461;
2640;0.585319;
2641;0.484914;
2642;0.449548;
2643;0.418975;
2644;1.911431;
2645;0.005339;
2646;1.750410;
2647;0.797478;
2648;0.005160;
2649;0.005830;
2650;0.686102;
2651;1.652862;
2652;0.006760;
2653;1.926820;
2654;1.101690;
2655;1.502000;
2656;0.422316;
2657;0.859368;
2658;1.893353;
2659;0.035578;
2660;0.437869;
2661;0.955674;
2662;1.096442;
2663;5.309377;
2664;0.003089;
2665;0.940962;
2666;0.754470;
2667;6.597563;
2668;0.178420;
2669;0.029773;
2670;0.296720;
2671;0.258630;
2672;0.381320;
2673;1.432890;
2674;0.003790;
2675;0.663332;
2676;0.884040;
2677;0.596300;
2678;1.657656;
2679;0.204106;
2680;*;
2681;0.186149;
2682;11.788978;
2683;1.088510;
2684;0.912916;
2685;0.445810;
2686;1.334557;
2687;0.353603;
2688;4.140000;
2689;1.590270;
2690;3.088256;
2691;0.672530;
2692;0.233326;
2693;0.003940;
2694;0.313016;
2695;0.471604;
2696;0.002710;
2697;0.428940;
2698;1.054228;
2699;0.404920;
2700;1.839945;
2701;0.526682;
2702;0.360777;
2703;0.564475;
2704;1.255469;
2705;0.344650;
2706;0.815269;
2707;0.374000;
2708;1.266998;
2709;0.823250;
2710;2.034970;
2711;3.406539;
2712;0.880336;
2713;0.585580;
2714;0.782598;
2715;0.580000;
2716;2.164890;
2717;0.669872;
2718;*;
2719;0.508860;
2720;0.457310;
2721;2.027533;
2722;0.946090;
2723;0.285150;
2724;0.132314;
2725;0.781934;
2726;0.754964;
2727;0.671614;
2728;0.191615;
2729;0.475393;
2730;2.031940;
2731;0.536424;
2732;0.001846;
2733;0.005471;
2734;0.583550;
2735;0.324187;
2736;0.460503;
2737;0.003571;
2738;0.004186;
2739;1.505600;
2740;0.318910;
2741;0.004700;
2742;0.375465;
2743;0.595900;
2744;0.915700;
2745;0.641101;
2746;0.029140;
2747;0.029144;
2748;2.697200;
2749;0.417240;
2750;0.348720;
2751;0.581535;
2752;0.761450;
2753;0.924990;
2754;0.507722;
2755;0.272963;
2756;6.971300;
2757;1.198630;
2758;0.525049;
2759;0.112855;
2760;0.991030;
2761;0.269443;
2762;0.335163;
2763;0.255704;
2764;0.634445;
2765;0.006710;
2766;0.004309;
2767;0.001851;
2768;0.968000;
2769;1.697000;
2770;1.421654;
2771;3.755600;
2772;1.268000;
2773;0.084500;
2774;0.099060;
2775;1.718730;
2776;0.126200;
2777;0.593960;
2778;0.657720;
2779;0.463050;
2780;0.345260;
2781;0.492660;
2782;0.207636;
2783;0.486760;
2784;1.092356;
2785;0.340529;
2786;0.104695;
2787;0.634354;
2788;0.206221;
2789;2.618918;
2790;0.006660;
2791;0.434380;
2792;2.052520;
2793;1.512730;
2794;0.003070;
2795;2.244050;
2796;0.225552;
2797;0.021240;
2798;0.668390;
2799;0.788170;
2800;2.209440;
2801;4.476723;
2802;0.326571;
2803;1.444985;
2804;0.476636;
2805;0.023370;
2806;0.350110;
2807;0.861380;
2808;2.273000;
2809;4.878839;
2810;0.003463;
2811;0.006530;
2812;2.846910;
2813;0.602460;
2814;0.004290;
2815;1.663020;
2816;*;
2817;0.582470;
2818;0.332530;
2819;6.707046;
2820;29.769300;
2821;0.597809;
2822;0.259247;
2823;0.957999;
2824;0.340832;
2825;2.618070;
2826;0.778167;
2827;0.534020;
2828;3.290150;
2829;0.191443;
2830;2.218605;
2831;0.505957;
2832;0.328665;
2833;0.754730;
2834;0.248230;
2835;2.233770;
2836;0.629000;
2837;0.537625;
2838;0.005550;
2839;0.274557;
2840;0.659436;
2841;0.019784;
2842;1.637129;
2843;0.225004;
2844;1.312218;
2845;0.414383;
2846;0.297770;
2847;4.308190;
2848;0.525650;
2849;1.318431;
2850;0.001810;
2851;1.105450;
2852;0.396490;
2853;1.832259;
2854;0.542155;
2855;1.474520;
2856;0.001790;
2857;0.004500;
2858;1.666720;
2859;0.761194;
2860;0.421126;
2861;2.011000;
2862;0.014590;
2863;0.035189;
2864;0.971400;
2865;0.275641;
2866;0.519263;
2867;0.038523;
2868;0.491754;
2869;0.911370;
2870;0.672481;
2871;0.674170;
2872;0.326770;
2873;0.668422;
2874;0.953384;
2875;1.451362;
2876;0.167540;
2877;1.081844;
2878;0.003560;
2879;0.004480;
2880;0.290716;
2881;0.033930;
2882;0.468890;
2883;1.013160;
2884;0.048310;
2885;0.003240;
2886;0.345583;
2887;1.383965;
2888;0.893355;
2889;*;
2890;2.191498;
2891;1.574737;
2892;0.166634;
2893;0.734185;
2894;0.221520;
2895;0.022847;
2896;2.523730;
2897;4.027000;
2898;0.291100;
2899;0.906977;
2900;0.344018;
2901;4.491318;
2902;2.141450;
2903;0.284698;
2904;2.327380;
2905;0.288910;
2906;0.867862;
2907;0.867860;
2908;1.205313;
2909;0.162130;
2910;0.518724;
2911;1.409066;
2912;0.087080;
2913;0.953182;
2914;0.435194;
2915;1.920302;
2916;0.467894;
2917;0.957751;
2918;0.318763;
2919;2.180195;
2920;11.558713;
2921;0.104913;
2922;1.177790;
2923;0.185730;
2924;1.326149;
2925;0.005580;
2926;3.160920;
2927;3.772140;
2928;0.003866;
2929;1.920666;
2930;0.245100;
2931;0.355429;
2932;1.369012;
2933;0.802905;
2934;0.002410;
2935;0.164030;
2936;1.902100;
2937;0.451473;
2938;0.428980;
2939;0.524159;
2940;0.249320;
2941;3.019694;
2942;0.004315;
2943;0.336337;
2944;0.033395;
2945;0.397889;
2946;0.928596;
2947;0.576939;
2948;1.876758;
2949;0.275578;
2950;*;
2951;0.427390;
2952;0.585553;
2953;0.438090;
2954;*;
2955;1.320659;
2956;0.905137;
2957;0.126400;
2958;3.914658;
2959;0.004092;
2960;0.171520;
2961;0.101437;
2962;0.002825;
2963;0.002820;
2964;0.721100;
2965;0.563270;
2966;0.016780;
2967;0.308340;
2968;1.945000;
2969;1.048132;
2970;0.002149;
2971;0.002710;
2972;0.767280;
2973;2.043850;
2974;4.557820;
2975;1.366450;
2976;0.628541;
2977;0.590840;
2978;0.450900;
2979;0.207170;
2980;0.089010;
2981;0.687640;
2982;0.071010;
2983;0.511000;
2984;0.573197;
2985;1.300220;
2986;1.748000;
2987;0.361470;
2988;0.716856;
2989;0.600790;
2990;0.680590;
2991;0.687500;
2992;1.279945;
2993;1.279949;
2994;0.544021;
2995;1.146595;
2996;3.453121;
2997;*;
2998;0.444140;
2999;0.246817;
3000;0.253170;
3001;0.983030;
3002;1.224000;
3003;1.633566;
3004;0.845358;
3005;0.782820;
3006;1.761340;
3007;1.678106;
3008;2.220250;
3009;0.101010;
3010;1.421470;
3011;1.393484;
3012;0.528832;
3013;0.258685;
3014;*;
3015;2.562290;
3016;0.004560;
3017;*;
3018;*;
3019;0.002770;
3020;0.345401;
3021;0.003594;
3022;0.928470;
3023;0.376000;
3024;0.620217;
3025;0.267440;
3026;9.890092;
3027;0.546600;
3028;0.080907;
3029;0.420252;
3030;*;
3031;0.326970;
3032;0.611040;
3033;0.276170;
3034;2.170701;
3035;0.004870;
3036;0.311380;
3037;0.282880;
3038;0.023400;
3039;0.519650;
3040;0.868350;
3041;0.381870;
3042;0.535170;
3043;0.370484;
3044;7.055203;
3045;0.356929;
3046;0.139760;
3047;0.630983;
3048;0.415857;
3049;0.333918;
3050;0.875874;
3051;0.584000;
3052;1.549880;
3053;0.772678;
3054;0.163120;
3055;0.349951;
3056;0.003531;
3057;0.029120;
3058;0.502924;
3059;0.005362;
3060;0.022350;
3061;0.496730;
3062;1.222590;
3063;0.001830;
3064;0.035150;
3065;3.687219;
3066;4.714670;
3067;0.745828;
3068;0.197644;
3069;4.693233;
3070;0.002610;
3071;0.372750;
3072;0.867444;
3073;0.256844;
3074;3.761000;
3075;0.484350;
3076;0.007700;
3077;0.400600;
3078;2.846620;
3079;1.532000;
3080;0.007880;
3081;1.462040;
3082;0.551059;
3083;0.002384;
3084;0.002355;
3085;0.559636;
3086;0.008572;
3087;0.002330;
3088;0.008570;
3089;0.957700;
3090;0.849000;
3091;0.056110;
3092;3.580000;
3093;0.001610;
3094;1.511509;
3095;0.336325;
3096;0.458340;
3097;1.044313;
3098;0.508561;
3099;0.005110;
3100;*;
3101;*;
3102;0.933972;
3103;1.393729;
3104;0.903000;
3105;0.006170;
3106;*;
3107;0.032090;
3108;0.374262;
3109;0.004909;
3110;0.072380;
3111;0.312314;
3112;0.389872;
3113;0.970440;
3114;1.709000;
3115;*;
3116;0.002410;
3117;0.371500;
3118;0.602227;
3119;4.341134;
3120;0.337759;
3121;0.385194;
3122;0.004000;
3123;1.832332;
3124;1.384000;
3125;1.423889;
3126;0.612209;
3127;1.279193;
3128;0.777662;
3129;0.214810;
3130;0.318819;
3131;0.288221;
3132;0.885240;
3133;1.299693;
3134;0.007797;
3135;0.819820;
3136;0.636584;
3137;0.655456;
3138;0.554756;
3139;2.663080;
3140;0.690576;
3141;0.877044;
3142;0.614757;
3143;4.600369;
3144;0.832002;
3145;0.075744;
3146;1.037710;
3147;0.644001;
3148;0.340710;
3149;0.740952;
3150;1.830857;
3151;0.740960;
3152;0.517070;
3153;0.739510;
3154;0.002793;
3155;0.355727;
3156;0.801693;
3157;1.781929;
3158;1.956858;
3159;0.005930;
3160;0.415394;
3161;1.223777;
3162;0.746577;
3163;*;
3164;0.673507;
3165;0.356050;
3166;0.487813;
3167;0.190230;
3168;0.689100;
3169;0.605430;
3170;0.045400;
3171;0.677330;
3172;0.501910;
3173;0.409140;
3174;0.474170;
3175;14.308900;
3176;0.006130;
3177;1.524672;
3178;0.786814;
3179;0.001742;
3180;0.729308;
3181;0.521160;
3182;1.854000;
3183;0.002150;
3184;1.151399;
3185;14.049900;
3186;0.357650;
3187;0.374129;
3188;0.791232;
3189;0.004090;
3190;0.004085;
3191;0.004621;
3192;0.153150;
3193;1.231882;
3194;0.166314;
3195;0.357155;
3196;0.325440;
3197;1.716550;
3198;0.651185;
3199;0.301459;
3200;0.431889;
3201;0.887325;
3202;0.003598;
3203;0.139525;
3204;0.496180;
3205;0.438089;
3206;0.005850;
3207;1.308790;
3208;0.005040;
3209;0.751540;
3210;0.071095;
3211;0.231450;
3212;0.006092;
3213;1.680530;
3214;0.603760;
3215;0.574540;
3216;0.004907;
3217;1.974930;
3218;1.232000;
3219;0.208959;
3220;0.263356;
3221;1.507730;
3222;0.004440;
3223;0.006197;
3224;1.567790;
3225;1.856570;
3226;0.417000;
3227;0.397130;
3228;0.379387;
3229;0.002620;
3230;0.750809;
3231;1.541412;
3232;0.003193;
3233;1.085000;
3234;0.003784;
3235;*;
3236;0.783300;
3237;0.846000;
3238;0.441210;
3239;0.989797;
3240;0.027464;
3241;2.511763;
3242;0.648044;
3243;1.192649;
3244;1.034330;
3245;0.218254;
3246;0.170470;
3247;1.634497;
3248;1.726810;
3249;*;
3250;0.760120;
3251;0.643184;
3252;1.070990;
3253;0.002790;
3254;*;
3255;1.296000;
3256;0.285600;
3257;1.043362;
3258;0.002083;
3259;0.397590;
3260;0.267277;
3261;0.355520;
3262;1.286564;
3263;0.111524;
3264;1.536490;
3265;0.144073;
3266;0.057189;
3267;0.433440;
3268;0.775345;
3269;0.414590;
3270;3.804990;
3271;1.019093;
3272;0.129430;
3273;0.002530;
3274;0.002876;
3275;0.002370;
3276;0.024530;
3277;0.063640;
3278;0.002920;
3279;0.351879;
3280;0.618761;
3281;0.240153;
3282;1.138403;
3283;3.159000;
3284;0.106633;
3285;0.323648;
3286;0.218340;
3287;0.344100;
3288;0.363686;
3289;0.574698;
3290;0.167628;
3291;1.527042;
3292;0.226107;
3293;5.198346;
3294;1.420160;
3295;0.827097;
3296;1.235757;
3297;0.424000;
3298;0.058990;
3299;1.765776;
3300;0.632235;
3301;1.300000;
3302;0.003420;
3303;0.552900;
3304;0.004702;
3305;1.104130;
3306;0.969160;
3307;0.846793;
3308;0.976470;
3309;0.291023;
3310;0.168678;
3311;0.001990;
3312;0.001991;
3313;0.212353;
3314;0.181640;
3315;0.512111;
3316;0.185397;
3317;0.336578;
3318;5.166000;
3319;0.830270;
3320;0.009050;
3321;0.010690;
3322;0.010690;
3323;3.174832;
3324;0.002564;
3325;0.377578;
3326;0.472510;
3327;1.016953;
3328;1.257381;
3329;1.881420;
3330;0.502580;
3331;0.989836;
3332;1.972050;
3333;0.511580;
3334;0.755993;
3335;0.741762;
3336;0.578070;
3337;1.245890;
3338;0.237161;
3339;1.494880;
3340;0.222972;
3341;2.020780;
3342;0.283643;
3343;0.006800;
3344;0.448945;
3345;1.229312;
3346;3.864820;
3347;0.996108;
3348;0.542451;
3349;0.002947;
3350;0.005640;
3351;0.337855;
3352;2.330266;
3353;0.093240;
3354;0.664679;
3355;0.308048;
3356;0.452867;
3357;0.538647;
3358;2.712428;
3359;0.325421;
3360;0.411159;
3361;0.531493;
3362;0.003870;
3363;1.321520;
3364;1.441749;
3365;0.004984;
3366;0.341859;
3367;2.063560;
3368;1.360603;
3369;0.504606;
3370;0.557609;
3371;0.002332;
3372;0.003266;
3373;0.008358;
3374;0.005277;
3375;0.009035;
3376;0.004572;
3377;0.008485;
3378;6.940000;
3379;0.003619;
3380;0.005384;
3381;0.005860;
3382;1.333000;
3383;0.531160;
3384;0.058230;
3385;0.796910;
3386;16.925900;
3387;0.273707;
3388;0.323858;
3389;0.365470;
3390;1.337000;
3391;0.190873;
3392;0.003440;
3393;0.027240;
3394;0.027239;
3395;1.010462;
3396;0.299992;
3397;0.004626;
3398;0.582470;
3399;3.282490;
3400;0.460406;
3401;1.126810;
3402;0.003626;
3403;3.685070;
3404;0.897470;
3405;3.053000;
3406;0.409349;
3407;0.670710;
3408;0.003166;
3409;0.003170;
3410;2.232969;
3411;0.621976;
3412;0.025068;
3413;0.003230;
3414;0.390530;
3415;1.616130;
3416;0.006090;
3417;0.444790;
3418;0.661997;
3419;0.005027;
3420;0.754450;
3421;1.257181;
3422;0.134412;
3423;2.470460;
3424;0.163251;
3425;1.241965;
3426;0.837158;
3427;0.035911;
3428;0.434210;
3429;0.190067;
3430;0.450620;
3431;*;
3432;0.027285;
3433;0.923872;
3434;0.306072;
3435;0.923391;
3436;0.521473;
3437;0.851079;
3438;0.825940;
3439;0.457527;
3440;2.018190;
3441;0.878889;
3442;0.693811;
3443;0.018512;
3444;0.455499;
3445;0.440040;
3446;0.617230;
3447;2.484990;
3448;*;
3449;0.138870;
3450;0.600998;
3451;2.277550;
3452;1.159520;
3453;0.459114;
3454;0.317306;
3455;0.051640;
3456;0.724000;
3457;0.004010;
3458;0.644140;
3459;0.005690;
3460;1.542707;
3461;2.058314;
3462;2.710090;
3463;0.342778;
3464;0.404554;
3465;1.546000;
3466;0.173647;
3467;0.100041;
3468;0.297494;
3469;0.059030;
3470;1.616231;
3471;2.000940;
3472;2.177000;
3473;0.011220;
3474;0.011220;
3475;0.541752;
3476;0.867880;
3477;0.439997;
3478;2.182746;
3479;7.368000;
3480;0.270257;
3481;1.618339;
3482;0.628970;
3483;0.349380;
3484;*;
3485;1.188000;
3486;0.227387;
3487;0.163150;
3488;0.281846;
3489;1.123310;
3490;1.137450;
3491;0.514000;
3492;1.248617;
3493;0.005440;
3494;0.003968;
3495;0.813453;
3496;2.129676;
3497;2.933000;
3498;0.004710;
3499;0.087730;
3500;0.510310;
3501;0.005637;
3502;0.194637;
3503;0.446460;
3504;0.809330;
3505;0.002920;
3506;0.419600;
3507;0.419340;
3508;0.334725;
3509;0.288300;
3510;0.425897;
3511;0.004400;
3512;*;
3513;3.657200;
3514;0.002104;
3515;0.856749;
3516;0.232990;
3517;1.181201;
3518;*;
3519;0.004070;
3520;0.109950;
3521;0.004280;
3522;0.370883;
3523;0.003764;
3524;0.003760;
3525;0.723000;
3526;0.007646;
3527;0.798693;
3528;1.272267;
3529;0.001900;
3530;1.603984;
3531;0.003960;
3532;0.866820;
3533;0.766000;
3534;0.571400;
3535;0.011660;
3536;0.003650;
3537;1.371460;
3538;0.562790;
3539;2.081343;
3540;0.004630;
3541;0.651512;
3542;0.003580;
3543;18.286900;
3544;0.571020;
3545;2.215802;
3546;0.509886;
3547;1.525710;
3548;1.602760;
3549;1.065400;
3550;0.785522;
3551;1.037824;
3552;0.002496;
3553;0.210650;
3554;0.957000;
3555;0.562302;
3556;3.345000;
3557;0.003000;
3558;1.598000;
3559;2.133950;
3560;0.573160;
3561;0.408420;
3562;4.602940;
3563;0.618188;
3564;5.637710;
3565;0.611900;
3566;0.143576;
3567;1.860100;
3568;0.936448;
3569;0.493000;
3570;0.003680;
3571;0.219870;
3572;2.009740;
3573;0.005660;
3574;0.002646;
3575;0.821036;
3576;0.760681;
3577;1.337302;
3578;1.451300;
3579;2.227590;
3580;0.794254;
3581;0.562074;
3582;2.357210;
3583;0.680590;
3584;0.833010;
3585;0.236178;
3586;1.172763;
3587;1.077924;
3588;1.920000;
3589;0.529623;
3590;0.371210;
3591;1.048760;
3592;0.547209;
3593;0.037990;
3594;0.003788;
3595;0.595193;
3596;1.149269;
3597;0.003180;
3598;0.005721;
3599;0.005720;
3600;1.090000;
3601;0.239950;
3602;0.498630;
3603;0.375082;
3604;2.935186;
3605;0.158043;
3606;0.758433;
3607;*;
3608;0.200980;
3609;1.277942;
3610;0.689240;
3611;0.388860;
3612;0.001950;
3613;0.684800;
3614;0.237790;
3615;0.005040;
3616;0.398640;
3617;1.655100;
3618;0.004110;
3619;0.049710;
3620;0.075659;
3621;1.916353;
3622;0.345390;
3623;3.885800;
3624;1.074080;
3625;0.318062;
3626;1.324922;
3627;0.304510;
3628;0.308306;
3629;0.678367;
3630;0.579838;
3631;1.034650;
3632;0.278730;
3633;1.346012;
3634;0.299072;
3635;1.608816;
3636;4.864284;
3637;0.290305;
3638;5.889280;
3639;0.202880;
3640;0.919630;
3641;0.312000;
3642;0.482766;
3643;0.298315;
3644;*;
3645;0.634960;
3646;1.431066;
3647;0.003022;
3648;1.010739;
3649;0.002970;
3650;0.403000;
3651;0.289838;
3652;0.068736;
3653;0.294460;
3654;0.010549;
3655;0.010540;
3656;2.260910;
3657;0.792807;
3658;0.005800;
3659;0.974350;
3660;0.817330;
3661;1.063000;
3662;2.365714;
3663;0.028041;
3664;1.166900;
3665;0.006418;
3666;0.002850;
3667;0.203320;
3668;0.866927;
3669;0.232780;
3670;0.391870;
3671;0.529681;
3672;0.044600;
3673;3.995400;
3674;1.220470;
3675;0.339216;
3676;0.563730;
3677;0.257833;
3678;0.723599;
3679;0.004790;
3680;0.814215;
3681;1.456000;
3682;0.806000;
3683;0.760032;
3684;0.323562;
3685;0.003209;
3686;0.425720;
3687;0.002280;
3688;*;
3689;1.609706;
3690;0.136855;
3691;0.005767;
3692;1.456115;
3693;0.185520;
3694;0.002610;
3695;1.779226;
3696;0.314359;
3697;0.234131;
3698;2.594110;
3699;0.501123;
3700;0.003860;
3701;0.582126;
3702;3.921038;
3703;0.593661;
3704;0.226519;
3705;1.864332;
3706;0.041831;
3707;0.208218;
3708;0.268217;
3709;0.014245;
3710;*;
3711;0.144470;
3712;0.571421;
3713;0.437454;
3714;0.002940;
3715;0.928324;
3716;1.346130;
3717;0.021507;
3718;0.371730;
3719;0.798860;
3720;0.040750;
3721;0.307050;
3722;1.166700;
3723;*;
3724;0.813690;
3725;2.052574;
3726;0.003543;
3727;0.004660;
3728;0.230984;
3729;*;
3730;0.178432;
3731;0.568442;
3732;1.939758;
3733;0.358745;
3734;0.004200;
3735;0.654408;
3736;0.843548;
3737;0.398500;
3738;5.529000;
3739;0.897000;
3740;0.080149;
3741;3.245065;
3742;0.912006;
3743;0.004340;
3744;0.967338;
3745;0.058345;
3746;0.009720;
3747;0.032928;
3748;0.032920;
3749;1.390727;
3750;0.642960;
3751;0.031582;
3752;2.645370;
3753;2.872774;
3754;0.003958;
3755;0.005090;
3756;0.004040;
3757;0.166760;
3758;0.200980;
3759;1.657429;
3760;1.749000;
3761;0.240100;
3762;1.121562;
3763;2.902500;
3764;7.106000;
3765;0.687082;
3766;0.002634;
3767;0.166116;
3768;0.793920;
3769;0.655070;
3770;0.052762;
3771;0.883332;
3772;0.022259;
3773;0.173867;
3774;2.311400;
3775;0.003360;
3776;0.001558;
3777;2.145340;
3778;0.005780;
3779;0.645302;
3780;2.402530;
3781;0.466963;
3782;1.232240;
3783;1.279000;
3784;0.002440;
3785;0.030050;
3786;11.906000;
3787;5.682000;
3788;0.258912;
3789;0.546824;
3790;0.004814;
3791;0.978468;
3792;0.098200;
3793;1.855276;
3794;0.217317;
3795;0.905394;
3796;0.559084;
3797;3.551570;
3798;2.306153;
3799;1.054750;
3800;0.840906;
3801;0.402858;
3802;1.405040;
3803;0.696262;
3804;0.044560;
3805;2.641910;
3806;1.353291;
3807;0.203558;
3808;0.275133;
3809;0.446227;
3810;1.859030;
3811;0.004680;
3812;0.004682;
3813;0.005084;
3814;0.012870;
3815;0.005590;
3816;0.635620;
3817;2.478910;
3818;0.006300;
3819;0.737820;
3820;1.270847;
3821;0.972430;
3822;0.005185;
3823;0.002430;
3824;1.996899;
3825;3.445320;
3826;0.003618;
3827;0.409135;
3828;0.841158;
3829;1.073900;
3830;4.756796;
3831;0.604120;
3832;1.068708;
3833;0.503070;
3834;2.377590;
3835;0.819150;
3836;2.398030;
3837;1.045633;
3838;0.025772;
3839;2.282440;
3840;0.440618;
3841;0.016960;
3842;1.334450;
3843;4.729000;
3844;0.008570;
3845;0.515167;
3846;0.435060;
3847;0.743030;
3848;0.003170;
3849;0.091200;
3850;0.983733;
3851;0.959449;
3852;0.002710;
3853;1.480744;
3854;1.110944;
3855;0.157509;
3856;0.008178;
3857;0.010900;
3858;0.002240;
3859;0.002603;
3860;1.798069;
3861;0.180940;
3862;1.325000;
3863;0.536240;
3864;0.394354;
3865;1.471000;
3866;0.528352;
3867;1.333950;
3868;1.903000;
3869;0.196627;
3870;0.932693;
3871;0.717311;
3872;0.332000;
3873;0.331631;
3874;1.319373;
3875;0.410340;
3876;0.847140;
3877;0.013138;
3878;0.388539;
3879;0.957620;
3880;0.455934;
3881;0.319760;
3882;0.004305;
3883;2.038640;
3884;1.670430;
3885;2.788918;
3886;5.094083;
3887;1.826100;
3888;0.048390;
3889;0.002310;
3890;1.625380;
3891;0.181928;
3892;0.275026;
3893;1.077647;
3894;0.020732;
3895;0.004140;
3896;0.003090;
3897;0.018020;
3898;0.018021;
3899;1.665665;
3900;0.039531;
3901;0.002590;
3902;0.851890;
3903;0.004444;
3904;0.004888;
3905;0.079899;
3906;0.028933;
3907;0.100679;
3908;0.004444;
3909;1.333965;
3910;1.011002;
3911;1.271208;
3912;0.712890;
3913;2.099440;
3914;0.193405;
3915;0.931210;
3916;0.737750;
3917;0.027210;
3918;0.092709;
3919;0.426677;
3920;0.352933;
3921;1.387041;
3922;1.387041;
3923;0.004873;
3924;0.188890;
3925;0.006133;
3926;0.279510;
3927;1.073878;
3928;0.003360;
3929;0.518938;
3930;0.008565;
3931;0.484000;
3932;5.012480;
3933;0.303911;
3934;0.071790;
3935;3.816000;
3936;0.875520;
3937;0.260014;
3938;0.003962;
3939;0.023370;
3940;0.003310;
3941;0.307683;
3942;0.374807;
3943;0.965096;
3944;1.050380;
3945;1.050380;
3946;8.073750;
3947;0.290389;
3948;1.098581;
3949;5.564720;
3950;0.311832;
3951;0.001607;
3952;0.005150;
3953;2.888460;
3954;0.514530;
3955;0.406081;
3956;0.777000;
3957;1.050500;
3958;0.729860;
3959;3.073783;
3960;0.003500;
3961;0.388440;
3962;0.006820;
3963;1.445550;
3964;*;
3965;0.719166;
3966;1.344724;
3967;0.276497;
3968;0.421794;
3969;0.696761;
3970;0.905067;
3971;1.009877;
3972;0.001790;
3973;0.478140;
3974;0.665879;
3975;0.080740;
3976;2.111265;
3977;1.193370;
3978;0.240953;
3979;2.332140;
3980;0.749840;
3981;2.146000;
3982;0.651050;
3983;0.615034;
3984;0.307943;
3985;2.279680;
3986;0.002164;
3987;1.741874;
3988;0.163695;
3989;0.499695;
3990;0.580871;
3991;0.325724;
3992;0.458735;
3993;4.634000;
3994;0.024497;
3995;0.608205;
3996;0.002680;
3997;0.589196;
3998;1.519260;
3999;0.226119;
4000;4.352303;
4001;0.076540;
4002;1.438369;
4003;0.565369;
4004;0.004816;
4005;1.551540;
4006;1.442448;
4007;0.005223;
4008;2.505660;
4009;0.931733;
4010;0.943220;
4011;0.544002;
4012;0.276028;
4013;0.368550;
4014;0.230194;
4015;0.580187;
4016;1.140000;
4017;0.977000;
4018;0.004328;
4019;2.303299;
4020;0.308100;
4021;0.004280;
4022;0.784650;
4023;0.457520;
4024;0.064940;
4025;2.178350;
4026;0.050809;
4027;0.230998;
4028;1.243759;
4029;0.002896;
4030;0.314850;
4031;0.537143;
4032;1.832559;
4033;0.166749;
4034;0.403478;
4035;0.040600;
4036;0.002314;
4037;0.224524;
4038;0.557953;
4039;2.191600;
4040;0.387664;
4041;0.031316;
4042;0.040612;
4043;0.003935;
4044;0.505200;
4045;0.525240;
4046;0.219000;
4047;0.103741;
4048;0.548090;
4049;0.370540;
4050;0.265318;
4051;0.803551;
4052;0.002646;
4053;0.343402;
4054;0.293750;
4055;0.048579;
4056;1.008900;
4057;0.529197;
4058;1.604738;
4059;0.011330;
4060;0.372619;
4061;0.211640;
4062;1.262000;
4063;0.623480;
4064;1.785520;
4065;0.010596;
4066;0.398173;
4067;0.004790;
4068;1.099651;
4069;0.515219;
4070;0.176707;
4071;1.819400;
4072;1.808820;
4073;1.216805;
4074;1.361370;
4075;0.578909;
4076;0.630513;
4077;1.014700;
4078;0.200129;
4079;0.133720;
4080;*;
4081;1.718420;
4082;0.306180;
4083;0.227070;
4084;0.579000;
4085;1.819000;
4086;0.005788;
4087;0.409576;
4088;0.048740;
4089;0.143246;
4090;5.013400;
4091;0.005949;
4092;1.281719;
4093;0.003650;
4094;0.479980;
4095;0.024565;
4096;1.358727;
4097;1.370920;
4098;0.501927;
4099;2.074379;
4100;0.618715;
4101;0.160165;
4102;0.160000;
4103;1.424568;
4104;1.577290;
4105;0.003275;
4106;0.002651;
4107;0.865606;
4108;0.290500;
4109;0.563000;
4110;0.562575;
4111;0.379950;
4112;1.159812;
4113;1.159820;
4114;0.004534;
4115;0.016020;
4116;0.548410;
4117;0.002380;
4118;0.096131;
4119;0.937000;
4120;0.588000;
4121;1.618000;
4122;*;
4123;16.606400;
4124;1.392715;
4125;0.395555;
4126;0.031682;
4127;0.141830;
4128;0.002960;
4129;0.002962;
4130;1.138286;
4131;0.523820;
4132;0.331150;
4133;0.476735;
4134;1.546938;
4135;0.004286;
4136;0.445945;
4137;0.283901;
4138;0.568301;
4139;1.961585;
4140;1.221020;
4141;0.553167;
4142;1.303160;
4143;0.001680;
4144;0.004509;
4145;0.001985;
4146;0.375310;
4147;0.119268;
4148;10.700000;
4149;0.012586;
4150;4.910379;
4151;0.341336;
4152;0.977000;
4153;0.002160;
4154;0.815181;
4155;0.319561;
4156;0.221508;
4157;0.002089;
4158;1.166640;
4159;0.225380;
4160;0.559574;
4161;1.458720;
4162;0.295290;
4163;0.254440;
4164;1.190000;
4165;0.358200;
4166;1.359940;
4167;0.235160;
4168;0.405729;
4169;0.108230;
4170;3.746630;
4171;3.529700;
4172;0.405737;
4173;2.304879;
4174;1.184450;
4175;0.414871;
4176;0.577231;
4177;0.244461;
4178;1.423105;
4179;3.953853;
4180;1.059532;
4181;4.061000;
4182;0.157830;
4183;0.275361;
4184;4.060755;
4185;1.202852;
4186;1.014685;
4187;0.552170;
4188;*;
4189;0.002603;
4190;0.552122;
4191;0.002219;
4192;0.440153;
4193;0.145884;
4194;1.602310;
4195;0.004950;
4196;0.370223;
4197;0.541421;
4198;1.294030;
4199;0.138868;
4200;0.694054;
4201;0.489000;
4202;0.004931;
4203;5.801500;
4204;0.325772;
4205;0.201550;
4206;0.331030;
4207;0.110665;
4208;0.056133;
4209;0.030529;
4210;0.004803;
4211;0.004651;
4212;0.004027;
4213;0.037660;
4214;0.006743;
4215;0.005122;
4216;0.011842;
4217;1.928451;
4218;3.960716;
4219;3.260740;
4220;1.687418;
4221;0.649330;
4222;0.007614;
4223;0.003726;
4224;3.325000;
4225;0.010149;
4226;0.006975;
4227;0.003005;
4228;0.004216;
4229;0.003703;
4230;0.004781;
4231;0.002536;
4232;1.227235;
4233;0.267322;
4234;1.750989;
4235;0.696171;
4236;0.220000;
4237;0.312470;
4238;1.083514;
4239;0.282849;
4240;0.557040;
4241;0.011019;
4242;0.012986;
4243;9.428229;
4244;8.509827;
4245;0.005041;
4246;1.419000;
4247;0.016052;
4248;0.927000;
4249;0.380140;
4250;0.654280;
4251;0.332206;
4252;0.003511;
4253;1.036000;
4254;0.593534;
4255;1.051903;
4256;2.892970;
4257;1.343361;
4258;1.609020;
4259;1.030003;
4260;1.373654;
4261;0.498149;
4262;1.525266;
4263;0.477000;
4264;0.477198;
4265;0.665561;
4266;0.966000;
4267;*;
4268;0.745379;
4269;0.745000;
4270;0.084703;
4271;0.938014;
4272;0.002416;
4273;0.322674;
4274;0.766000;
4275;0.636957;
4276;0.642506;
4277;0.933163;
4278;1.776961;
4279;2.057430;
4280;0.003908;
4281;1.004593;
4282;0.751000;
4283;0.003119;
4284;0.751195;
4285;0.374198;
4286;2.723136;
4287;2.723050;
4288;0.002610;
4289;0.419102;
4290;1.056844;
4291;0.538469;
4292;*;
4293;0.281399;
4294;1.336000;
4295;0.032818;
4296;1.632257;
4297;0.940000;
4298;0.682542;
4299;0.769700;
4300;0.842408;
4301;1.892982;
4302;2.745980;
4303;0.002978;
4304;0.272900;
4305;0.051648;
4306;0.443055;
4307;0.003577;
4308;0.003627;
4309;1.358745;
4310;0.059767;
4311;0.931715;
4312;0.006908;
4313;1.077395;
4314;0.560097;
4315;0.162734;
4316;3.070000;
4317;0.139935;
4318;0.855401;
4319;0.002187;
4320;0.460958;
4321;1.664501;
4322;0.596799;
4323;0.461000;
4324;0.477233;
4325;1.797962;
4326;12.122565;
4327;1.797908;
4328;0.979300;
4329;0.792236;
4330;0.002295;
4331;0.368246;
4332;0.469000;
4333;1.030560;
4334;3.648400;
4335;0.426500;
4336;6.979071;
4337;0.005192;
4338;0.742100;
4339;1.206404;
4340;0.269300;
4341;1.575886;
4342;1.066371;
4343;0.341603;
4344;0.535829;
4345;0.475068;
4346;1.944789;
4347;0.002613;
4348;1.256000;
4349;0.813375;
4350;0.349434;
4351;1.061000;
4352;1.061600;
4353;*;
4354;0.003445;
4355;1.444653;
4356;0.544065;
4357;0.216018;
4358;2.256488;
4359;0.004808;
4360;0.003463;
4361;3.759491;
4362;2.347489;
4363;1.436310;
4364;0.868735;
4365;0.233652;
4366;0.790000;
4367;0.266149;
4368;0.266000;
4369;0.632100;
4370;2.541133;
4371;0.728409;
4372;1.643622;
4373;2.291100;
4374;0.756899;
4375;0.002102;
4376;1.029839;
4377;0.495370;
4378;0.118710;
4379;0.002884;
4380;0.303300;
4381;1.799000;
4382;1.181463;
4383;1.383470;
4384;0.508092;
4385;1.164883;
4386;1.011727;
4387;1.164000;
4388;0.944784;
4389;0.557996;
4390;0.003719;
4391;0.958000;
4392;1.094396;
4393;1.840986;